C0 (1146 genes)	C1 (25 genes)	C2 (29 genes)	C3 (712 genes)	C4 (19 genes)	C5 (298 genes)	C6 (21 genes)	C7 (66 genes)	C8 (25 genes)	C9 (94 genes)	C10 (23 genes)	C11 (1040 genes)	C12 (50 genes)	C13 (67 genes)	C14 (16 genes)
Genes	Genes	Genes	Genes	Genes	Genes	Genes	Genes	Genes	Genes	Genes	Genes	Genes	Genes	Genes
0610010K14Rik	Aknaos	Adra2b	0610040J01Rik	A330008L17Rik	1600014C10Rik	Abcb1b	1810032O08Rik	Abhd8	1700030K09Rik	Arhgap45	1110002L01Rik	5031439G07Rik	Abcd1	Asic4
1110006O24Rik	Basp1	Atn1	1110002E22Rik	Casp8	1700022A21Rik	Acer3	Adck5	Actr1b	1700086D15Rik	Arid1a	2610005L07Rik	Adamtsl2	Agfg2	Asl
1110008L16Rik	Cmpk1	Bbs9	1110065P20Rik	Cryl1	3830406C13Rik	Acot6	Anapc13	Arl10	4930402H24Rik	Atg2b	2610507B11Rik	Afg1l	Akna	Caln1
1110008P14Rik	Emc2	Cast	1500002C15Rik	Ddx59	4931414P19Rik	Agpat5	Brms1	C530005A16Rik	4933408J17Rik	Cep128	2700049A03Rik	Ago2	Ap2a2	Ccdc114
1110012L19Rik	Epha5	Dubr	1500009C09Rik	Exoc6	9330175E14Rik	Crim1	Ccdc9	Cbx8	Agap2	Fbp1	2900026A02Rik	Arrb2	Arf3	Ceacam13
1110032A03Rik	Fam45a	Gdf15	1500035N22Rik	Fhit	9530068E07Rik	Grk5	Chid1	Cdyl	Aplf	Hdhd5	4833420G17Rik	Atp6ap2	Atp1b1	Ctsq
1700017B05Rik	Fcrl1	Gimap4	1520401A03Rik	Glrx	A530064D06Rik	Hhat	Coasy	Cenph	Atxn1l	Itsn1	4930438A08Rik	Atp6v1a	Bcas1	Dab2ip
1700056E22Rik	Glipr1	Hamp2	1600029O15Rik	Hipk2	A730013G03Rik	Kif1b	Cops7a	Copg1	Blvra	Kmt2a	4930470P17Rik	Bicra	Ccr1	Frmpd3
1810058I24Rik	Gm15441	Hsd17b11	1700008J07Rik	Igfbp5	Adipor2	Mettl13	Cpeb3	Dolpp1	C2cd2l	Limd1	4930523C07Rik	C9orf72	Cd81	Fzd4
2210016F16Rik	Gm568	Ids	1700029I15Rik	Klrb1f	Aen	Olfr1450	Csk	Galnt6	Capns2	Naa30	4930546C10Rik	Cat	Cdkn1b	Gabrg3
2300009A05Rik	Gmfg	Maml3	1700066M21Rik	Otub2	Agrn	Pisd	Cwc25	Gm10741	Ccdc117	Olfr1339	4931406P16Rik	Ccdc181	Cotl1	Olfr155
2310039H08Rik	Gng2	Mybph	1700086O06Rik	Pdk3	Aida	Pus1	Dbnl	Golph3l	Cep135	Pkn1	4932438A13Rik	Ccpg1	Crat	Olfr170
2310057M21Rik	Gpr108	Naaa	1810013D15Rik	Rpl18a	Amigo2	Rundc3b	Ddx19a	H2-Q5	Cep85	Pofut1	4933402J07Rik	Cdc42se1	Crisp1	Olfr178
2410022M11Rik	H60b	Olfr1441	2200002D01Rik	Sh3glb1	Ankfy1	Sipa1l1	Dph2	Hyou1	Crkl	Prdm15	5031425E22Rik	Ceacam11	Csnk1g2	Ppcs
2610001J05Rik	I730030J21Rik	Olfr984	2210409E12Rik	Smad1	Ankib1	Slc19a1	Dusp12	Irf2bpl	Csnk1d	Prl8a2	5530400C23Rik	Ceacam2	Dcaf12	Ppp2r2c
2610318N02Rik	Inpp5k	Oprd1	2310068J16Rik	Smpx	Ankle2	St6galnac6	Gas5	Mns1	Ctsl	Ptpn23	6330407A03Rik	Commd8	Def6	Rhod
2700062C07Rik	Mff	Pacs1	2610528A11Rik	Svbp	Aqp6	Tas2r108	Grasp	Nfya	Cybc1	Sbf1	8030462N17Rik	Ctdsp2	Dhrs1	
3000002C10Rik	Myl6b	Pbx4	2810025M15Rik	Tfg	Arf4	Tmem131	Gtf3c3	Rragb	Defb7	Sympk	9430015G10Rik	Dnajc10	Dpysl2	
4930426L09Rik	Pnkd	Phactr1	3110040M04Rik	Tmem17	Asah2	Ube2q2	Gtpbp4	Slc22a5	Dnajc18	Terf2	AU021092	Fermt3	Fam221a	
4930453N24Rik	Ptprn	Pitpnc1	3110053B16Rik		Asb13	Zfp365	Ifrd1	Sult2a6	Dusp16	Tmem43	Abca1	Gbf1	Fcgr3	
4930513N10Rik	Scmh1	Rbpms	4930407I10Rik		Asph	Zfp85os	Kbtbd4	Tmem159	Efhd2	Tnks	Abcc5	H2-Eb2	Galnt10	
4930515G01Rik	Sh3bgrl3	Rpl10a	4930431F12Rik		Atf3		Mars2	Ubxn11	Eid3	Trit1	Abcd3	Hoxd3os1	Gba	
4930579K19Rik	Tcn2	Siah3	4930451I11Rik		Azi2		Memo1	Zc2hc1a	Fam120b	Ttc7	Acad9	Hvcn1	Gdi2	
4933427G23Rik	Tom1l1	Tax1bp3	4930503B20Rik		B4galt5		Mief1	Zfp101	Fam173b		Acadm	Itgb7	Ghdc	
6030458C11Rik	Wfdc17	Tmprss7	4930506C21Rik		Bard1		Mir677	Zfp46	Fam210b		Acap2	Map3k4	Gnai2	
6230400D17Rik		Tspan13	4930579G18Rik		Calhm6		Mon1a		Fkbp4		Acbd3	Mkl2	Hadha	
9130401M01Rik		Uroc1	4931440P22Rik		Camk4		Mthfd1		Fmnl3		Acbd5	Mknk2	Il27ra	
A930005H10Rik		Zfhx3	5430427O19Rik		Car13		Mul1		Fxr2		Acin1	Myh9	Kcnab2	
AA414768		Zfp9	5930403L14Rik		Cbx4		Mvb12a		Ggta1		Acsl1	Myo1g	Lasp1	
AI413582			6030408B16Rik		Ccdc50		Ndor1		Gmeb2		Acss1	Ncf2	Lsp1	
Aaas			6030468B19Rik		Ccrl2		Ndufb2		Golm1		Actr2	Nipal3	Mapk11	
Aar2			A230020J21Rik		Cd274		Nfkbie		Hectd4		Actr3	Pde4dip	Mospd3	
Abca12			A930003A15Rik		Cd86		Nop14		Hgs		Actr3b	Plekhm1	Pde9a	
Abhd11			AW549877		Cdc25a		Nsfl1c		Hspa4l		Adal	Plpp3	Pea15a	
Abhd4			AW822252		Cds1		Nudt19		Icmt		Adam10	Rcsd1	Pgpep1	
Abi3			Abcc8		Cfap46		Pfkl		Icosl		Adam17	Retreg1	Pld4	
Abl1			Ablim2		Cflar		Phgdh		Ier5		Adamts10	Rpa1	Plekhg2	
Abt1			Adam33		Cgas		Ppdpf		Irak2		Adcy7	Serac1	Plekho1	
Acbd6			Adamts14		Chd5		Pptc7		Kansl3		Add1	Srebf2	Plxnb2	
Acd			Adamts17		Chic1		Rae1		Kif1bp		Aff3	Ssbp3	Ppm1m	
Aco2			Adamts3		Chmp5		Rbm19		Kif3b		Afg3l1	St3gal1	Pqbp1	
Acot7			Adamts9		Chtop		Rnf123		Klc1		Aftph	Stat6	Ptdss2	
Acsf3			Adamtsl4		Cish		Rpap3		Klhdc10		Aggf1	Tex9	Rdh12	
Actl6a			Ager		Clic4		Rpl12		Klhl12		Agk	Tpcn1	Rhof	
Ada			Agmat		Cnot6l		Rrp12		Lman2l		Ago1	Trim36	Sh3glb2	
Adat2			Aim2		Cox15		Rrp1b		Lpin1		Agps	Trmt2b	Slamf1	
Adck2			Akt3		Crybg1		Rrp9		Magi3		Agtpbp1	Ttc9c	Slc9a3r1	
Adgb			Aldh3b3		Csf1		Samm50		Man1b1		Ahcyl1	Uba1	Smpd1	
Adprh			Alppl2		Csgalnact2		Selenos		Mfn2		Ahcyl2	Ubash3b	Snrk	
Adrm1			Amz1		Ctss		Sh2d4b		Mtmr4		Akap10	Wdr1	Spata2l	
Adsl			Angptl8		Cul2		Slc25a38		Mxd4		Akap11		Stac2	
Aes			Ankdd1a		Cutc		Snord37		Narf		Akap13		Sugt1	
Agbl5			Ankrd1		Cxcl10		Snx17		Nde1		Akap9		Suox	
Agpat1			Ankrd2		Cybb		St6galnac5		Nfkb2		Aldh3a2		Tgfb1	
Agpat3			Ankrd33		Cyp26c1		Stard6		Odf2		Alkbh8		Tnfaip8l2	
Agtrap			Ankrd33b		Cyth1		Tapbp		Olfr186		Amer1		Trpv2	
Aimp2			Ankrd34b		D730003I15Rik		Thumpd1		Pank1		Anapc1		Ttll1	
Akip1			Aox4		Dclre1c		Tirap		Pi4k2b		Ankhd1		Ttyh3	
Akr7a5			Ap1s3		Dcp2		Tmem136		Pknox1		Ankrd24		Unc13d	
Alad			Apoa5		Defb25		Trmt1		Plcb3		Ankrd26		Vamp4	
Aldh3b1			Apobec1		Dek		Tut1		Plekho2		Ano6		Vamp5	
Aldoa			Apobr		Dhh		Txnl4b		Pnpla6		Anxa6		Vasp	
Alg1			Apoc3		Dll1		Txnrd2		Ppp1r9b		Ap3b1		Wasf2	
Alg12			Apol8		Dnaja2		Wdr74		Ppp2r5b		Apaf1		Wbp1l	
Alg3			Aqp5		Dpp4		Wdr82		Prdm11		Apbb3		Wipi2	
Alg9			Armc2		Dpy19l1		Zbtb12		Psmc1		Apc		Zbtb4	
Alkbh3			Arsk		Dse				Rab39		Appl2		Zfp385a	
Alkbh4			Arx		Dtx3l				Rab40c		Aqr			
Alkbh6			Ascl2		Dtx4				Rad51d		Araf			
Alkbh7			Atoh8		Eaf2				Rnf121		Arcn1			
Alpl			Atp6v1g2		Ehd4				Rreb1		Arhgap12			
Amdhd2			Atxn7l1		Eif1a				Scp2		Arhgap15			
Ampd2			Avpr1a		Endod1				Sec11a		Arhgap25			
Anapc11			Aym1		Entpd8				Sel1l		Arhgap30			
Angptl3			B3gnt7		Eppk1				Slc16a10		Arhgap4			
Ankrd54			B630019K06Rik		Evl				Slc37a2		Arid2			
Ap2s1			BC003965		Fam111a				Spen		Arid4a			
Ap3s2			BC028777		Fam208b				St13		Arid4b			
Apex1			BC049688		Fam20b				St3gal2		Arid5a			
Apip			Bambi		Fam241a				Stx2		Arih2			
Apopt1			Barx1		Fam3c				Tacc1		Arl13b			
Arf6			Bcr		Fam53c				Tesk1		Armc1			
Arhgap1			Bglap		Fanca				Tln1		Armcx3			
Arhgdia			Bhmt		Fxr1				Tmem33		Arntl			
Arl2			Bmp1		Fxyd4				Tnk2		Arpc5			
Arl6ip4			Btbd17		Fzd5				Traf3ip1		Ash1l			
Arl8a			Btnl5-ps		Gbp5				Trappc10		Atad2			
Arl8b			Btnl9		Gbp7				Trim65		Atad2b			
Armc10			Btrc		Gbp8				Trmu		Ate1			
Armc5			C130074G19Rik		Gca				Ttc21b		Atf6			
Armcx2			C1galt1		Gcnt1				Vezt		Atg16l1			
Arrdc3			C1ql1		Gdap10				Vps11		Atg16l2			
Asb17			C530008M17Rik		Gemin6				Xpc		Atg3			
Asb2			C6		Ghitm				Zfp276		Atl2			
Ascc2			C77080		Gm14085						Atl3			
Asf1b			COX2		Gm1966						Atp11b			
Atf4			Cab39l		Gm5082						Atp11c			
Atf6b			Cacng2		Gnptab						Atp13a3			
Atp5g1			Cacng4		Gpr157						Atp2a3			
Atp5g2			Caly		Gpr65						Atp2b1			
Atp5j			Card10		Gpsm1						Atp6v1g1			
Atp5k			Cbln4		Gtpbp6						Atp9b			
Atp6v0e			Cbs		Gypc						Atrn			
Atpaf1			Ccdc110		H2-T10						Atrnl1			
Atpif1			Ccdc120		Hap1						Atrx			
Atxn7l3			Ccdc121		Hbq1b						Avl9			
Aup1			Ccdc141		Hells						Azin1			
B3gat3			Ccdc149		Helz2						B3galnt2			
B4galnt1			Ccdc180		Herc3						B3gnt2			
B4galt3			Ccdc187		Hhipl2						B4galt1			
BC017158			Ccdc85b		Hk2						BC005537			
BC025920			Ccdc85c		Hmgn3						BC005561			
BC031181			Ccdc9b		Hrh2						Bach1			
Babam1			Ccl1		Icam1						Bank1			
Babam2			Cd164l2		Ifi207						Baz1a			
Bak1			Cd276		Ifi209						Baz1b			
Banf1			Cd300lg		Ifi214						Baz2b			
Bax			Cdc20b		Il12rb1						Bclaf3			
Bcap31			Cdh6		Il15						Bdp1			
Bcat2			Cdk18		Il15ra						Birc6			
Bccip			Cdk5r2		Il18						Bmt2			
Bcdin3d			Cebpe		Ino80						Bmx			
Bcl7b			Cela2a		Insl6						Bnip2			
Bcl9			Cend1		Itm2b						Bptf			
Bcs1l			Cenpv		Jaml						Brd1			
Bend3			Cep44		Kalrn						Brd7			
Blm			Ces5a		Kcne1l						Brd9			
Bloc1s1			Cfap157		Kcng4						Brf1			
Bloc1s2			Cfap43		Kctd14						Brox			
Bloc1s3			Cfap57		Keap1						Brwd1			
Bloc1s6			Cgn		Klhl18						Brwd3			
Blvrb			Chrm1		Kmo						Btbd7			
Blzf1			Chrng		Krt20						Btg1			
Bmyc			Cited1		Lacc1						Btnl2			
Bnip1			Cited2		Laptm4a						Bzw1			
Bola1			Cited4		Lims1						C2cd2			
Bola3			Ckm		Lipt1						C2cd3			
Boll			Cldn10		Lpar6						Cab39			
Bop1			Clec2d		Lpxn						Cacfd1			
Borcs7			Clec4g		Lrrfip1						Camk1d			
Brd4			Clic5		Lsm14a						Camsap2			
Bri3bp			Clps		Lsmem1						Caprin2			
Brk1			Cmklr1		Ly6g6e						Card11			
Bscl2			Cngb1		Ly75						Casd1			
Bsg			Cnnm1		Maf						Cbfb			
Btbd19			Cntn5		Mafk						Cbl			
Btbd2			Cntnap3		Map3k8						Cbwd1			
Btd			Cntnap5c		Marc2						Ccar1			
Btf3			Col11a1		March5						Ccdc169			
Btg2			Col11a2		Mat1a						Ccdc186			
Bud13			Col14a1		Max						Ccdc91			
Bud31			Col16a1		Mcoln3						Ccdc93			
Bzw2			Col1a1		Milr1						Ccnj			
C1qbp			Col22a1		Mir342						Ccnl1			
C330018D20Rik			Col23a1		Mir491						Ccnl2			
C4a			Col26a1		Mir93						Cct8			
CK137956			Col27a1		Mlkl						Cd200			
Cabcoco1			Col2a1		Mppe1						Cdadc1			
Cant1			Col3a1		Ms4a4b						Cdc23			
Carm1			Col4a4		Msh3						Cdc37l1			
Carnmt1			Col5a1		Mx2						Cdc40			
Cbll1			Col5a3		Myd88						Cdc42ep3			
Cbr4			Col6a1		N4bp1						Cdk11b			
Ccdc130			Col6a5		Naa25						Cdk19			
Ccdc28a			Col6a6		Nek2						Cdk5rap2			
Ccdc32			Col9a2		Notch1						Cdkal1			
Ccdc71			Cox4i2		Nrsn2						Cebpz			
Ccdc86			Cpne6		Nsg2						Celf1			
Ccnk			Crhr1		Nup153						Cemip2			
Ccnq			Crispld1		Nynrin						Cep170			
Cct2			Crnde		Oas1b						Cep192			
Cct5			Crybb1		Oas1c						Cep295			
Cd27			Crybb2		Oas1f						Cep350			
Cdc26			Crybb3		Ogfr						Chd1			
Cdc34			Csmd3		Ogfrl1						Chd4			
Cdca7			Ctgf		Olfr1349						Chd8			
Cdipt			Ctnnd2		Olfr362						Chd9			
Cdk2ap2			Cux2		Omp						Chfr			
Cdk4			Cyp2c23		Osbpl5						Chit1			
Cdnf			Dbn1		P2ry14						Chsy1			
Cdt1			Dcdc5		Parp11						Chuk			
Cenpc1			Defb20		Pcgf5						Cideb			
Cenpq			Dennd1b		Pfkfb3						Cisd2			
Cetn2			Dgcr6		Pgd						Clasp2			
Cfap20			Dip2c		Phf11c						Clcn5			
Cfdp1			Dirc2		Pik3ap1						Clint1			
Chaf1b			Disc1		Pkib						Clk1			
Chchd1			Disp3		Pla2g16						Clk4			
Chchd10			Dlc1		Plek						Cltc			
Chchd3			Dlgap1		Plpp5						Cnot1			
Chchd5			Dlk1		Plpp7						Cnot2			
Cherp			Dlk2		Plscr1						Cnot6			
Chic2			Dll4		Pnpt1						Cnpy4			
Chmp1a			Dmkn		Polr1a						Cnst			
Chpf			Dmpk		Polr3b						Cntrl			
Chtf8			Dmrt3		Ppid						Cog4			
Ciao2a			Dnah10		Ppm1k						Cog5			
Ciapin1			Dnah3		Prrg4						Col15a1			
Cinp			Dnmt3aos		Pstpip1						Col4a3bp			
Cisd1			Drd1		Pus10						Cop1			
Cks2			Dusp14		Rasa4						Copb1			
Cln3			Dusp8		Rbl1						Copg2			
Cln6			E130304I02Rik		Rbm43						Cplane1			
Clns1a			Ecel1		Resf1						Cpox			
Clpp			Echdc2		Rhox11						Cpsf2			
Clptm1			Ect2l		Rilpl1						Creb1			
Clptm1l			Efcc1		Rnasel						Crebl2			
Cltb			Efemp2		Rnf114						Crk			
Cluh			Egfl8		Rps6kl1						Crlf3			
Clybl			Eif4e1b		Rtn4						Crybg3			
Cmc1			Eln		Samd9l						Crym			
Cmip			Emx1		Samhd1						Csad			
Cmss1			Epc2		Sap30						Csnk2a1			
Cnih1			Epha10		Senp1						Cspp1			
Cnih4			Eps8l3		Sephs1						Ctla4			
Cnnm3			Erich4		Serpinb8						Ctnnb1			
Cnot9			Espnl		Serpini1						Cul1			
Cog1			Evc		Sertad2						Cul3			
Coil			Evpl		Setdb2						Cul4a			
Commd7			F930017D23Rik		Sfmbt1						Cux1			
Comtd1			Fam120aos		Sfxn2						Cwc27			
Cops2			Fam124a		Sgcb						Cwf19l2			
Cops6			Fam135b		Sh3bp2						Cyb561a3			
Cops7b			Fam163b		Sinhcaf						Cyld			
Coq4			Fam170b		Slamf7						Cysrt1			
Cox19			Fam171a1		Slc15a3						D17H6S56E-5			
Cox5b			Fam171a2		Slc22a13b-ps						D730005E14Rik			
Cox6a1			Fam196b		Slc25a22						Dcaf17			
Cox6b1			Fam19a3		Slc25a28						Dcaf6			
Cox7b			Fam241b		Slc29a2						Dcaf8			
Cox8a			Fam25c		Slc37a1						Dcun1d5			
Cpd			Fam89a		Slc39a2						Ddah2			
Cpsf4			Fat3		Slfn5os						Ddhd1			
Cpt2			Fbxo34		Slfn9						Ddx17			
Creg1			Fbxo40		Smchd1						Ddx3x			
Crh			Fcnb		Smg7						Ddx3y			
Cript			Fev		Snx2						Ddx46			
Crls1			Fgf5		Socs1						Ddx5			
Crtap			Fggy		Sos1						Ddx6			
Crtc1			Filip1l		Sp100						Dennd4c			
Csnk2a2			Firre		Spesp1						Desi2			
Csnk2b			Flt3l		Spg11						Dgcr8			
Cst3			Fmr1os		Sppl2a						Dgka			
Cstb			Fndc5		Sry						Dgkd			
Cstf1			Foxl2os		Ssbp1						Dgkeos			
Ctdnep1			Frs3		St6galnac4						Dhx15			
Ctdsp1			Fthl17a		Stat2						Dhx16			
Ctsw			Fxyd6		Stat3						Dhx29			
Cuta			G630025P09Rik		Stoml1						Dhx57			
Cwc15			Galnt18		Stx11						Dhx9			
Cxcl9			Galp		Stxbp5l						Diaph1			
Cyb561d2			Gast		Tap2						Dicer1			
Cyb5d2			Gck		Tdrd7						Dip2b			
Cyc1			Gcnt7		Tent4a						Dlg1			
Cycs			Gfi1b		Tent5a						Dmxl1			
Dad1			Gfra1		Tg						Dnajc1			
Dap3			Ggnbp1		Tktl1						Dnajc14			
Dazap2			Ggt7		Tlr9						Dnajc7			
Dbi			Ghrhr		Tmc1						Dnm2			
Dcaf13			Ghrl		Tmem140						Dock11			
Dcaf15			Ghsr		Tmem67						Donson			
Dcakd			Gja3		Tnfrsf1b						Dpp8			
Dclre1b			Gjd3		Tnfsf10						E330009J07Rik			
Dctd			Glcci1		Tnks1bp1						Ebf1			
Dctn5			Gldnos		Tomm70a						Edem3			
Dctn6			Glis1		Tor1aip2						Edrf1			
Dda1			Glis3		Tpst1						Eea1			
Ddit3			Gm10139		Traf5						Eef2			
Ddost			Gm10142		Trafd1						Eef2k			
Ddx39			Gm10190		Treml2						Efl1			
Ddx56			Gm10244		Trim14						Ehmt1			
Derl1			Gm10538		Trim21						Eif3a			
Derl3			Gm10575		Trim25						Eif4a2			
Desi1			Gm10578		Trim26						Eif4g3			
Dgat1			Gm10584		Tuba8						Elf2			
Dhdh			Gm10638		Usp12						Elk4			
Dhps			Gm10655		Usp25						Eml4			
Dhrs7			Gm10714		Vcpip1						Eml5			
Disp1			Gm10759		Vmn1r231						Epb41l2			
Dnaaf2			Gm10787		Vps54						Epc1			
Dnaaf5			Gm10825		Wars						Epm2aip1			
Dnajb5			Gm10865		Wdr43						Erbin			
Dnajb9			Gm11190		Wfdc1						Ercc4			
Dnajc30			Gm11529		Xdh						Ercc5			
Dnal4			Gm11555		Xrn1						Ercc6			
Dnlz			Gm11564		Xrn2						Ero1lb			
Dnttip1			Gm11681		Ythdf1						Esyt2			
Dot1l			Gm12504		Zbtb5						Etnk1			
Dpagt1			Gm14005		Zc3hav1						Ets1			
Dph7			Gm15348		Zcchc18						Exoc5			
Dpm2			Gm15455		Zdhhc13						Ezh1			
Dpm3			Gm16982		Zfp39						Ezr			
Dpp9			Gm19924		Zfp516						F8			
Dpy19l3			Gm21976		Zfp691						Fam102b			
Dtd2			Gm33152		Zfp90						Fam126a			
Dtx1			Gm34583		Zfyve26						Fam13b			
Dus2			Gm36589		Znfx1						Fam169b			
Dusp10			Gm38457		Zup1						Fam172a			
Dusp22			Gm40902								Fam193b			
Dusp7			Gm41515								Fam76b			
Dynlrb1			Gm4532								Fam8a1			
E130309D02Rik			Gm4763								Fam98a			
E2f1			Gm4971								Far1			
E2f4			Gm5142								Farsa			
Ebi3			Gm5244								Fbh1			
Ecd			Gm525								Fbxl12			
Eci2			Gm5532								Fbxl20			
Ecsit			Gm5535								Fbxl3			
Edf1			Gm5577								Fbxl5			
Eefsec			Gm5878								Fbxo11			
Efcab2			Gm5893								Fbxo3			
Egr1			Gm6034								Fbxo38			
Ei24			Gm7932								Fchsd2			
Eif1ad			Gm9513								Fem1c			
Eif2ak1			Gm9866								Fh1			
Eif2b2			Gm9922								Fhl1			
Eif2b4			Gm9954								Fig4			
Eif2d			Gng10								Fkbp5			
Eif3d			Gng4								Flii			
Eif3f			Gng7								Flna			
Eif3g			Gpbar1								Fnbp1			
Eif3i			Gpc1								Fnbp4			
Eif4a3			Gpr155								Fnip1			
Eif4e2			Gpr25								Foxi2			
Eif4ebp2			Gpr27								Foxn3			
Elavl1			Gpr31b								Foxo3			
Ell			Gpr62								Frs2			
Eloa			Gpr68								Fry			
Elob			Gpr82								Fyttd1			
Elovl1			Gprin2								Gabpb2			
Elp5			Grrp1								Gadd45a			
Emc3			Gsg1l								Galnt1			
Emc4			Gsx1								Galnt5			
Emc7			Gucy1a1								Gan			
Emd			Heatr4								Gapvd1			
Ercc1			Hils1								Gar1			
Erg28			Hmcn1								Gcc1			
Ergic1			Hmgb3								Gfpt1			
Ess2			Hmx2								Ggh			
Etfrf1			Hnf4a								Ggps1			
Exosc1			Hoxb3								Gigyf2			
Exosc10			Hoxb9								Gimap8			
Exosc5			Hpn								Glg1			
Exosc9			Hrct1								Gls			
Fa2h			Hrk								Glyr1			
Faap100			Hspb9								Gm10033			
Faap24			Hspg2								Gm10687			
Fadd			Hyi								Gm12511			
Fam110a			Ier5l								Gm1549			
Fam117b			Ifitm10								Gm20274			
Fam122a			Ifna5								Gm24463			
Fam167a			Ifnl2								Gm5134			
Fam206a			Ifnl3								Gmcl1			
Fam207a			Igf2os								Gmfb			
Fam213a			Ikzf4								Gmnc			
Fam222b			Il17rc								Gna13			
Fam49b			Il20rb								Gnai3			
Fam76a			Il27								Gnl3l			
Fam78a			Iqca								Gnpat			
Fam89b			Iqck								Golga1			
Fam98b			Ispd								Golga3			
Fasn			Itpripl2								Golga4			
Fastk			Jph2								Golph3			
Fbrs			Jsrp1								Gon4l			
Fbrsl1			K230010J24Rik								Gopc			
Fbxl4			Kcna2								Gpatch11			
Fbxl8			Kcng1								Gpatch2l			
Fbxo31			Kcng2								Gpatch8			
Fbxo36			Kcnk15								Gpd1l			
Fdft1			Kcnmb4os1								Gpd2			
Fech			Kcnq1								Gpr107			
Fgf13			Kcns3								Gprin3			
Fhl3			Kcp								Gramd4			
Fhl4			Kif26b								Gripap1			
Fibp			Kif6								Gtf2a1			
Fkbp1a			Kif7								Guf1			
Flywch1			Klk12								Haglr			
Fopnl			Krt12								Hbp1			
Foxj2			Krt33b								Hcfc2			
Frat1			Krt8								Hcls1			
Fundc1			Krtap1-3								Hdac8			
Fxyd5			Krtap10-10								Heatr5a			
Fzr1			Krtap3-1								Hectd1			
G6pdx			Krtap5-1								Hectd3			
Gadd45gip1			Krtap5-3								Heg1			
Gatad1			Krtap9-3								Herc1			
Gatad2b			Ksr2								Herc2			
Gatc			Lamc3								Herc4			
Gatd1			Lbx1								Hipk3			
Gatm			Lce1j								Hmg20a			
Gdpgp1			Lce3c								Hnf1a			
Gfer			Lgals3								Hnrnpa2b1			
Gga1			Lgalsl								Hnrnpd			
Ggact			Lhfpl4								Hnrnpdl			
Ggnbp2os			Lhx4								Hnrnph1			
Gh			Lhx6								Hnrnph3			
Gid4			Lingo3								Hnrnpk			
Gin1			Lmtk3								Hnrnpr			
Ginm1			Lmx1a								Hnrnpu			
Gins2			Lmx1b								Hnrnpul2			
Gipc1			Loxhd1								Homer1			
Git1			Lrfn4								Hps3			
Gjc3			Lrrc3								Hps5			
Glmp			Lrrc3c								Hsd17b4			
Glra3			Lrrc46								Hspbap1			
Glrx2			Lrrc4b								Htt			
Gm10505			Lrtm1								Ibtk			
Gm11487			Ltbp3								Ice1			
Gm13213			Ltk								Ift140			
Gm15760			Lypd2								Igf2r			
Gm40556			Lypla1								Igsf5			
Gm5069			Macrod2								Ikbkb			
Gm5617			March11								Ikbke			
Gm5785			Marveld1								Ikbkg			
Gm6194			Matk								Il10ra			
Gm9776			Mdfi								Impa1			
Gmppa			Mdga1								Impact			
Gna15			Megf11								Inpp5a			
Gne			Megf6								Ints4			
Gng5			Metrn								Ints8			
Gngt2			Mfap2								Ip6k1			
Gnptg			Mir132								Ipcef1			
Got2			Mir139								Ipo8			
Gpaa1			Mir150								Iqgap1			
Gpank1			Mir181c								Ireb2			
Gpi1			Mir181d								Isy1			
Gpn2			Mir187								Itch			
Gpr132			Mir194-1								Itga4			
Gpr18			Mir195a								Itga6			
Gpr22			Mir196b								Itgav			
Gpr89			Mir210								Itpr2			
Gps2			Mir211								Ivd			
Grina			Mir212								Ivns1abp			
Gsk3a			Mir3107								Iws1			
Gstm4			Mir320								Jak1			
Gsto1			Mir328								Jak2			
Gstz1			Mir338								Jakmip1			
Gtf2h3			Mir341								Kat6a			
Gtf2h4			Mir345								Katnal1			
Gtf3c5			Mir346								Kctd3			
Gtf3c6			Mir383								Kdm2a			
Guk1			Mir431								Kdm3a			
Gyg			Mir455								Kdm3b			
H13			Mir504								Kdm5a			
H2-DMa			Mir540								Kdm5b			
H2-Oa			Mir598								Kdm5c			
H2afv			Mir666								Kdm7a			
H2afx			Mir667								Khnyn			
Hadh			Mir670								Kidins220			
Haus1			Mir674								Kif13b			
Haus2			Mir680-3								Kif16b			
Hcfc1r1			Mir92b								Klhl20			
Hck			Mkrn2								Klhl24			
Hdac3			Mmd2								Klhl6			
Hddc2			Mob1b								Klhl8			
Herpud1			Morc3								Kmt2c			
Herpud2			Mras								Kmt5b			
Hes1			Mroh5								Kpna1			
Hexa			Mrps16								Krt40			
Hgh1			Ms4a15								Krt7			
Hikeshi			Ms4a6c								Krtap17-1			
Hmbs			Msgn1								Krtap5-4			
Homez			Mustn1								Ktn1			
Hprt			Myb								Lcor			
Hras			Myh11								Lgals8			
Hsd17b10			Myo18b								Lmbrd1			
Hsf1			Myom2								Lmnb1			
Hspbp1			Myom3								Lonp2			
Hyal3			Myoz3								Lpgat1			
Ift20			Nacad								Lrba			
Ift27			Nckap5l								Lrig2			
Igkv19-93			Neurl1a								Lrp6			
Igkv4-57			Nfkbil1								Lrpprc			
Igkv8-30			Nhlrc1								Lrrc18			
Igkv9-120			Nhsl1								Lrrk2			
Iglv1			Nkain2								Lsm14b			
Il10rb			Nkd1								Lsm6			
Imp3			Nkx2-4								Ltn1			
Imp4			Nkx2-5								Luc7l			
Ino80b			Nme4								Luc7l2			
Ino80e			Nol4								Lyn			
Inpp5e			Nova2								Lyst			
Ints9			Nphs1								Macf1			
Ipo4			Nradd								Madd			
Irf2bp1			Nrg1								Magt1			
Irgc1			Nrn1l								Malat1			
Iscu			Nsmce1								Malt1			
Isg20l2			Nupr1								Man1a			
Ist1			Nupr1l								Man1a2			
Jmjd8			Nxnl1								Manba			
Josd2			Nyx								Map2k1			
Jpt2			Olfr1057								Map2k5			
Jrk			Olfr1174-ps								Map3k1			
Jtb			Olfr1175-ps								Map3k2			
Junb			Olfr1394								Map4k2			
Kdelr1			Olfr1427								Mapk1			
Kif19a			Olfr175-ps1								Mapk14			
Klhdc3			Olfr24								Mapre1			
Kmt5a			Olfr401								March6			
Kpna2			Olfr48								Marf1			
Krtap19-1			Olfr524								Mark3			
Krtcap2			Olfr71								Mbtd1			
Kti12			Olfr801								Mbtps1			
Kxd1			Olfr91								Mcfd2			
L3mbtl2			Olfr982								Mcl1			
Lamp1			Olig3								Mdm4			
Lamtor1			Ooep								Mdn1			
Lamtor3			Otos								Mdp1			
Lamtor4			Otp								Med12			
Lck			Oxt								Med13			
Ldha			Pah								Metap2			
Leng9			Panx2								Mfn1			
Letm1			Paox								Mfsd1			
Lin37			Pappa2								Mfsd14b			
Lman1			Pard3b								Mgea5			
Lman2			Parm1								Mia3			
Lmf1			Pax7								Mib1			
Lpar2			Pdcd10								Mier1			
Lpcat3			Pdzd7								Miga1			
Lrp10			Pex11g								Mir138-1			
Lrrc14b			Pfn3								Mir200c			
Lrrc61			Phf13								Mir29a			
Lrrc73			Phldb3								Mir374b			
Lsm10			Pigz								Mir449c			
Lsm12			Pirt								Mir6516			
Lsm2			Pkp3								Mir687			
Lsm4			Pla2g1b								Mirt1			
Lsm7			Plb1								Mknk1			
Lsr			Plcxd1								Mob1a			
Lta4h			Plekhf2								Mon2			
Ly6a			Plin1								Mov10l1			
Ly6d			Polr2h								Mprip			
Lyl1			Ppp3cc								Mre11a			
Lynx1			Ppy								Mroh1			
Lyrm4			Prap1								Mrs2			
Lyrm7			Prkcz								Msh2			
Mad2l2			Prlh								Msi2			
Maip1			Prm2								Msn			
Man2b2			Prr29								Mt3			
Marcksl1			Prr7								Mta2			
Mark4			Prss27								Mtf2			
Mbd1			Prss46								Mtfmt			
Mbd6			Psip1								Mthfd1l			
Mbip			Ptms								Mtmr1			
Mblac2			Ptn								Mtmr3			
Mbp			Ptpn3								Mtmr6			
Mcoln1			Pttg1								Mtr			
Mcrs1			Qk								Mtrex			
Mdh2			Qrfp								Myo18a			
Med16			Rap1a								Myo5a			
Med19			Rasef								Mysm1			
Med25			Rflna								Napg			
Med26			Rfx3								Nbas			
Med28			Rgma								Nbr1			
Med29			Rhox1								Nckap1l			
Mef2d			Rhox6								Ncoa3			
Meiob			Rims3								Ndc80			
Mettl18			Rims4								Ndufs1			
Mettl22			Ripk4								Nedd4			
Mfsd5			Rnf207								Nedd4l			
Micalcl			Rnf223								Nedd9			
Midn			Rnu12								Nek7			
Mien1			Ror2								Nek9			
Mif			Rorc								Nemf			
Mipep			Rph3al								Nemp2			
Mlh1			Rps24								Neurl4			
Mllt1			Rps4l								Nf1			
Mmd			Rpusd3								Nf2			
Mnt			Rundc3a								Nfat5			
Mocs1			Rxfp4								Nfkb1			
Morn2			Samsn1								Nfrkb			
Mpdu1			Scn2a								Nfxl1			
Mpp1			Scube1								Nfyb			
Mpv17			Scube2								Nhlrc2			
Mpv17l2			Sdcbp2								Nin			
Mrgpre			Sec61b								Nipbl			
Mrnip			Sele								Nisch			
Mrpl10			Sema3f								Nktr			
Mrpl12			Sfrp2								Nlrp5-ps			
Mrpl16			Sftpa1								Nmt2			
Mrpl17			Sgca								Notch2			
Mrpl19			Sh2d5								Npepps			
Mrpl23			Sh3gl2								Nr2e3			
Mrpl3			Shank2								Nras			
Mrpl32			Shisa2								Nrd1			
Mrpl34			Siglec15								Nrros			
Mrpl35			Slc22a18								Nsd1			
Mrpl36			Slc25a47								Nsun4			
Mrpl37			Slc28a1								Nvl			
Mrpl40			Slc39a5								Odr4			
Mrpl41			Slurp2								Ogt			
Mrpl43			Smo								Olfr1232			
Mrpl46			Sncb								Olfr1510			
Mrpl47			Snord53								Olfr398			
Mrpl48			Snrpd1								Olfr525			
Mrpl49			Socs3								Olfr965			
Mrpl50			Sohlh1								Osbpl8			
Mrpl51			Sorcs2								Ostf1			
Mrpl52			Sox1								Ostn			
Mrpl54			Sox1ot								Otud3			
Mrpl55			Sox3								Oxsr1			
Mrpl57			Sox9								Pag1			
Mrps11			Spata20								Pan3			
Mrps15			Spdef								Papola			
Mrps17			Spef2								Parg			
Mrps18a			Spint1								Parp1			
Mrps18b			Srpx								Pbrm1			
Mrps2			Ss18								Pbxip1			
Mrps23			Sst								Pcf11			
Mrps28			Stab1								Pcm1			
Mrps31			Stat5a								Pcmtd1			
Mrps34			Ston2								Pcmtd2			
Mrrf			Stum								Pdcd4			
Ms4a12			Sumo1								Pdcd6ip			
Msrb1			Svip								Pdhb			
Msto1			Syndig1l								Pdpr			
Mtfr1l			Syngr1								Pds5a			
Mthfd2			Syngr3								Pdxdc1			
Mtif3			Tarm1								Pea15b			
Mtx2			Tbx2								Pex1			
Mutyh			Tenm4								Pgap1			
Mycbp			Tent5b								Pggt1b			
Myg1			Tesc								Phc3			
Myrfl			Tgfa								Phf20l1			
Mzb1			Tifa								Phf3			
N4bp3			Tinagl1								Phka1			
Naa38			Tiparp								Phtf1			
Nabp2			Tle4								Phtf2			
Nacc1			Tmc2								Pi16			
Nae1			Tmem119								Pi4ka			
Naglu			Tmem132a								Picalm			
Naif1			Tmem132b								Piga			
Nans			Tmem132c								Pigg			
Napa			Tmem151a								Pign			
Napsa			Tmem191c								Pik3ca			
Ncdn			Tmem192								Piwil1			
Ncln			Tmem196								Pkn2			
Ndst2			Tmem200b								Plcg2			
Ndufa10			Tmem212								Plcl2			
Ndufa11			Tmem213								Plekhm3			
Ndufa13			Tmem217								Pnisr			
Ndufa2			Tmem221								Pnn			
Ndufaf3			Tmem243								Pnpla7			
Ndufb11			Tmem270								Polb			
Ndufb7			Tmem40								Polr3a			
Ndufb9			Tmem61								Ppm1b			
Ndufc1			Tmem91								Ppp1r12a			
Ndufs6			Tnfsf11								Ppp1r12b			
Ndufs7			Tnnt3								Ppp1r12c			
Ndufs8			Tor1aip1								Ppp1r21			
Nedd8			Tox2								Ppp2r5a			
Nelfa			Tpbgl								Ppp2r5c			
Nelfe			Trabd2b								Ppp2r5e			
Nfic			Trav13d-4								Ppp3ca			
Nfkbib			Trav4d-4								Ppp4r2			
Nfyc			Trav6d-6								Ppp6r3			
Nif3l1			Trav8d-1								Prdm2			
Nifk			Trav9d-3								Prkar1a			
Ninj1			Trbv1								Prkcb			
Nipsnap1			Trdn								Prkci			
Nit1			Trex1								Prkdc			
Nme6			Trh								Prmt9			
Nmnat1			Trim3								Prpf38b			
Nol6			Trnp1								Prpf39			
Nop16			Tsc22d1								Prpf4b			
Nop53			Tspan9								Prpf6			
Nop56			Tspyl5								Prrc2c			
Noxred1			Ttc36								Psapl1			
Npc2			Ttc9b								Psd3			
Npr2			Tusc2								Psma3			
Nr2c2ap			Ucn								Psmd1			
Nrbf2			Unc13a								Pspc1			
Nsa2			Unc13c								Ptbp3			
Nsun3			Unc5d								Ptp4a2			
Nt5c			Unc80								Ptpn11			
Nt5c3b			Upk3b								Ptpn22			
Nt5dc2			Urad								Ptprc			
Ntan1			Ush1g								Pts			
Nudt14			Ushbp1								Pum1			
Nudt16			Usp54								Purb			
Nudt22			Vash1								Qsox1			
Nudt8			Vipr1								Rab11fip4			
Nup210			Vmac								Rab21			
Nup214			Vmn1r234								Rab3gap1			
Nup43			Vmn1r69								Rab3gap2			
Ogfod3			Vpreb2								Rab5a			
Olfr267			Vsig10								Rab5b			
Orai3			Vstm2l								Rabgap1l			
Orc3			Vwa3b								Rad50			
Ormdl2			Vwa5b2								Radil			
Ost4			Wars2								Ralgapa1			
Otub1			Wfdc11								Ralgapb			
Oxa1l			Wfdc3								Ralgps2			
Pa2g4			Wipf3								Rapgef6			
Pacsin1			Wisp2								Rasa1			
Paics			Wnt4								Rasgef1b			
Pam16			Wnt5b								Rasgrp3			
Pars2			Wnt9a								Rbl2			
Patl1			Wwtr1								Rbm15			
Pcbp1			Ybx2								Rbm17			
Pcgf1			Zbtb16								Rbm25			
Pcif1			Zfp1								Rbm26			
Pcna			Zfp133-ps								Rbm28			
Pctp			Zfp281								Rbm39			
Pdcl2			Zfp469								Rbm45			
Pdlim1			Zfp62								Rbm48			
Pdlim2			Zfp651								Rbm5			
Pex10			Zfp692								Rbm6			
Pex12			Zfr2								Rc3h1			
Pex16			Zic5								Rc3h2			
Pex19			Znrf2								Rcbtb1			
Pex2			Znrf4								Relch			
Pex3											Rest			
Pfn1											Retreg3			
Pgam1											Rev3l			
Pgap2											Rfc1			
Pgls											Rfwd3			
Pgs1											Ric8b			
Phb2											Rictor			
Phf5a											Rlf			
Phkg2											Rmnd5a			
Pias4											Rmrp			
Pigb											Rnf169			
Pigl											Rnf6			
Pigq											Rngtt			
Pigt											Rnmt			
Pigu											Rny3			
Pih1d1											Rock2			
Pip5k1c											Rpl6			
Plagl2											Rprd1a			
Pld3											Rprd2			
Plpp2											Rps28			
Plrg1											Rrnad1			
Plvap											Rsf1			
Pmf1											Rsrc2			
Pmpcb											Rsrp1			
Pno1											Rttn			
Pold2											Rubcn			
Poldip2											Rundc1			
Pole2											Sacm1l			
Pole3											Sacs			
Pole4											Safb			
Polr1c											Safb2			
Polr2c											Samd8			
Polr2e											Sar1a			
Polr2f											Satb1			
Polr2i											Scaf11			
Polr2j											Scai			
Polr2l											Scaper			
Pom121											Sdha			
Pomp											Sec24b			
Pop4											Sec24c			
Pop7											Sec62			
Pou4f3											Sec63			
Ppib											Senp6			
Ppif											Sepsecs			
Ppm1d											Sergef			
Ppp1ca											Serinc1			
Ppp1r14b											Serp1			
Ppp1r2-ps7											Sesn3			
Ppp1r37											Setd2			
Ppp2r1a											Setx			
Ppp2r3c											Sf3b1			
Praf2											Sf3b3			
Prag1											Sfi1			
Prcc											Sfpq			
Prdx2											Sfswap			
Prdx6											Sft2d1			
Prelid1											Sft2d2			
Prim2											Sgpl1			
Prkab1											Sh3bp5			
Prkcsh											Shc1			
Prmt5											Shprh			
Proser3											Siglecg			
Prr14											Sike1			
Prr23a1											Sirt1			
Prr3											Sla			
Prr5											Slc12a6			
Psat1											Slc25a34			
Psenen											Slc25a45			
Pskh1											Slc30a7			
Psma1											Slc30a9			
Psmb10											Slc39a9			
Psmb2											Slc44a2			
Psmb3											Slc4a7			
Psmb5											Slc9a7			
Psmd3											Slk			
Psmf1											Slmap			
Psmg2											Sltm			
Ptbp1											Slx4			
Ptdss1											Smc1a			
Ptpn2											Smc3			
Ptpn7											Smc5			
Ptprcap											Smc6			
Ptrhd1											Smg1			
Pwp1											Smg6			
Pxmp4											Snapc3			
Pxn											Sncg			
Pygo2											Snf8			
Qdpr											Snn			
Qpctl											Snora16a			
Qrich1											Snora2b			
Qtrt1											Snora52			
Rab30											Snord104			
Rab35											Snord15a			
Rab3a											Snord49b			
Rab5c											Snord8			
Rab7											Snord87			
Rab9											Snord96a			
Rabac1											Snrnp70			
Rabgef1											Snx11			
Rabl2											Snx25			
Rabl3											Snx29			
Rad23a											Snx30			
Rad23b											Snx6			
Rad9a											Socs5			
Rara											Son			
Rarres2											Sorl1			
Rbbp4											Spag9			
Rbck1											Spast			
Rbfa											Spcs3			
Rbm22											Spin1			
Rbm38											Spop			
Rbm7											Spopl			
Rce1											Sptan1			
Rela											Sptbn1			
Repin1											Srgap3			
Retsat											Srpk2			
Rex1bd											Srrt			
Rfc4											Srsf1			
Rgp1											Srsf3			
Rgs10											Srsf5			
Rgs19											Ssh2			
Rhbdd2											Ssh3			
Rhno1											Stag1			
Rhog											Stag2			
Rilpl2											Stim2			
Rinl											Stk25			
Riok2											Stk4			
Riox1											Strbp			
Rmnd5b											Strn			
Rnasek											Strn3			
Rnf113a1											Stt3b			
Rnf126											Stx12			
Rnf167											Stx17			
Rnf220											Stx4a			
Rnf25											Suco			
Rnf44											Supt20			
Rnpep											Supt6			
Rnps1											Syf2			
Romo1											Syncrip			
Rpf1											Syne1			
Rpl15											Syt13			
Rpl38											Tab2			
Rpl7l1											Taf1			
Rpp21											Taf15			
Rpp38											Taf1a			
Rps10											Taok1			
Rps6ka1											Tapt1			
Rpusd1											Tardbp			
Rras											Tax1bp1			
Runx3											Tbc1d14			
S100a11											Tbc1d22a			
S1pr3											Tbc1d23			
Sap130											Tbcd			
Sap30bp											Tbce			
Sar1b											Tbck			
Sbds											Tbk1			
Scaf1											Tbl1xr1			
Scamp2											Tbx5			
Scand1											Tceanc2			
Scimp											Tcf12			
Scnm1											Tcf20			
Scyl3											Tcf25			
Sdhaf1											Tcp11l2			
Sdhaf4											Tdp2			
Sdhc											Tdrp			
Sdr39u1											Tef			
Sec61a1											Tep1			
Selplg											Terf1			
Senp3											Tet2			
Sept6											Tex2			
Serpinb9											Tfdp2			
Sesn2											Tgfbr1			
Setd1a											Thada			
Sf3a1											Thoc2			
Sf3a2											Thrap3			
Sf3a3											Tia1			
Sf3b4											Tm2d1			
Sf3b5											Tm9sf3			
Sgf29											Tmem161b			
Sgta											Tmem170			
Sh2d2a											Tmem170b			
Sharpin											Tmem245			
Shmt2											Tmem50b			
Sigmar1											Tmem98			
Sirt6											Tmod3			
Slc10a5											Tmsb4x			
Slc18a2											Tmx3			
Slc25a1											Tnks2			
Slc25a10											Tnpo1			
Slc25a11											Tnpo3			
Slc25a3											Tnrc6a			
Slc25a5											Top3a			
Slc26a2											Tpp2			
Slc29a3											Tra2a			
Slc2a1											Traf3			
Slc2a13											Tram1l1			
Slc30a6											Trap1			
Slc35a1											Trappc11			
Slc35c2											Trappc13			
Slc35e1											Trappc6b			
Slc43a3											Trappc8			
Slc50a1											Trav12n-1			
Smarcd2											Trav19			
Smdt1											Trav7d-4			
Smg8											Trim12a			
Smg9											Trim41			
Smim10l1											Trim44			
Smim12											Trim7			
Smim19											Trip12			
Smim20											Trip4			
Smim8											Trp53bp1			
Smyd5											Trp53inp1			
Snapc2											Trpm2			
Snapin											Trpm7			
Snord16a											Trrap			
Snord42b											Tspan14			
Snrnp27											Tspyl1			
Snrpa											Ttc1			
Snrpd3											Ttc14			
Sox12											Ttc17			
Sp2											Ttc19			
Spcs1											Ttc22			
Spg21											Ttc3			
Sppl2b											Ttc33			
Spred2											Tubgcp6			
Sqle											Tut4			
Srd5a3											Tut7			
Srf											Txndc16			
Srm											Ubap1			
Srr											Ube2h			
Ssna1											Ubl3			
Ssr2											Ubp1			
Ssr4											Ubr1			
Sssca1											Ubr2			
Ssu72											Ubr3			
St14											Ubr5			
Stam2											Ubxn7			
Stambp											Ufd1			
Stk16											Uhmk1			
Strada											Uhrf2			
Supt3											Uimc1			
Surf4											Upf2			
Susd3											Uso1			
Sv2c											Usp15			
Tab1											Usp16			
Tacstd2											Usp19			
Tada3											Usp24			
Taf12											Usp3			
Taf6											Usp33			
Taf9b											Usp34			
Tagap											Usp38			
Tagln2											Usp48			
Tas2r126											Usp53			
Tbc1d13											Usp7			
Tbc1d17											Usp8			
Tbc1d19											Usp9x			
Tbc1d22b											Vamp1			
Tbc1d7											Vcp			
Tbcc											Virma			
Tbp											Vkorc1l1			
Tbrg4											Vldlr			
Tcea1											Vps13a			
Tcf19											Vps13b			
Tcim											Vps13c			
Tdp1											Vps13d			
Tecr											Vps33a			
Ten1											Vps35			
Tent2											Vps41			
Tex264											Vps8			
Tfe3											Vwa8			
Tfpi											Wapl			
Tgfb3											Washc2			
Tgfbrap1											Washc4			
Thap7											Wdr11			
Them6											Wdr3			
Thoc3											Wrn			
Thyn1											Wrnip1			
Ticam1											Wsb1			
Timm17b											Xiap			
Tkt											Xpot			
Tm9sf4											Xpr1			
Tmed10											Ypel1			
Tmem104											Ythdc1			
Tmem107											Ythdf3			
Tmem109											Ywhab			
Tmem110											Ywhaz			
Tmem115											Zbtb11			
Tmem126a											Zbtb18			
Tmem138											Zbtb41			
Tmem154											Zbtb44			
Tmem176b											Zc3h13			
Tmem183a											Zc3h7a			
Tmem189											Zdhhc17			
Tmem203											Zdhhc20			
Tmem209											Zfand6			
Tmem214											Zfp106			
Tmem223											Zfp146			
Tmem238											Zfp180			
Tmem248											Zfp182			
Tmem256											Zfp263			
Tmem259											Zfp292			
Tmem39b											Zfp329			
Tmem42											Zfp330			
Tmem63a											Zfp369			
Tmem69											Zfp407			
Tmem97											Zfp422			
Tmtc2											Zfp445			
Tmub2											Zfp512			
Tmx2											Zfp616			
Tnf											Zfp638			
Tnfrsf13c											Zfp740			
Tnfrsf18											Zfp790			
Toe1											Zfp84			
Tomm22											Zfp871			
Tor1a											Zfyve16			
Tor2a											Zfyve27			
Tor4a											Zkscan1			
Tpi1											Zkscan3			
Tpmt											Zmym2			
Trappc1											Zmym4			
Trappc3											Zmym5			
Trappc4											Zmynd11			
Trappc5											Zranb2			
Trdmt1											Zrsr2			
Triap1											Zscan18			
Trim13											Zscan26			
Trip6											Zscan29			
Trmt10a											Zw10			
Trmt112														
Trp53														
Trp53inp2														
Tspan31														
Tspyl3														
Tsta3														
Ttpa														
Tubb5														
Tubg2														
Tufm														
Txn2														
Txnl1														
Txnl4a														
Ubald1														
Ube2f														
Ube2g2														
Ube2j1														
Ube2l3														
Ube2q1														
Ube2r2														
Ube2s														
Ubl5														
Ubl7														
Ubxn8														
Unc93b1														
Uqcc2														
Uqcr10														
Uqcr11														
Usmg5														
Usp21														
Usp39														
Utf1														
Uxt														
Vamp3														
Vdac2														
Vezf1														
Vps25														
Vps29														
Vps37a														
Vps4b														
Vps53														
Vrk3														
Was														
Washc1														
Washc3														
Wbp2														
Wdr18														
Wdr46														
Wdr48														
Wdr6														
Wdr61														
Wdr81														
Wdr83os														
Wipf2														
Wrap53														
Xbp1														
Xpa														
Yaf2														
Ybx3														
Yif1b														
Yipf3														
Yipf5														
Yju2														
Ykt6														
Zbed3														
Zbtb24														
Zbtb26														
Zbtb49														
Zbtb7b														
Zbtb8os														
Zbtb9														
Zc3h12a														
Zcchc10														
Zcrb1														
Zdhhc3														
Zdhhc4														
Zfand3														
Zfand5														
Zfp143														
Zfp27														
Zfp296														
Zfp346														
Zfp35														
Zfp358														
Zfp36														
Zfp362														
Zfp384														
Zfp455														
Zfp524														
Zfp58														
Zfp593														
Zfp598														
Zfp599														
Zfp637														
Zfp668														
Zfp688														
Zfp719														
Zfp770														
Zfp81														
Zfp846														
Zfp865														
Zfpl1														
Zmat5														
Zmiz2														
Znhit2														
Znrd1														
